Student_ID,CGPA,SSC_Percentage,Diploma_or_HSC_Percentage,Aptitude_Score,Communication_Score,Technical_Skill_Score,Internship,Projects,Certifications,Attendance_Percentage,Placement_Status
S001,7.07,66.78,82.93,85,6,5,No,1,3,73.33,Not Placed
S002,9.49,70.4,76.44,40,10,6,No,1,4,74.86,Placed
S003,8.57,89.05,67.38,40,8,10,No,1,0,73.51,Not Placed
S004,8.01,67.68,87.55,37,9,8,Yes,1,0,69.32,Not Placed
S005,6.16,61.78,82.39,41,4,5,Yes,1,0,79.88,Not Placed
S006,6.16,77.27,61.5,85,10,10,No,1,0,92.19,Not Placed
S007,5.74,92.45,91.44,42,8,9,Yes,3,2,70.91,Not Placed
S008,9.14,82.84,87.9,76,6,7,No,0,3,96.75,Placed
S009,8.02,77.8,92.99,86,6,10,No,2,5,94.06,Placed
S010,8.47,58.89,84.03,49,4,6,Yes,4,1,66.31,Not Placed
S011,5.59,79.6,79.54,81,7,5,No,2,2,90.66,Not Placed
S012,9.57,94.6,71.73,63,10,6,Yes,2,2,82.41,Placed
S013,9.0,60.6,92.31,67,5,5,Yes,0,5,82.1,Placed
S014,6.39,75.73,89.64,86,6,10,Yes,0,5,75.25,Placed
S015,6.26,90.09,56.81,64,9,4,Yes,0,1,79.54,Not Placed
S016,6.27,84.63,56.05,73,9,9,No,1,1,75.49,Not Placed
S017,6.78,82.88,70.06,61,6,10,Yes,3,5,81.05,Placed
S018,7.7,83.1,87.42,70,7,6,No,1,0,84.49,Not Placed
S019,7.31,69.38,94.49,63,7,7,No,3,2,86.3,Not Placed
S020,6.72,66.74,61.02,72,8,7,No,3,4,80.77,Not Placed
S021,8.07,87.37,78.77,91,9,8,No,2,1,88.14,Placed
S022,6.09,87.4,70.24,67,8,5,Yes,2,1,65.51,Not Placed
S023,6.73,89.68,93.8,95,9,6,Yes,3,5,68.27,Placed
S024,7.04,91.53,88.68,71,10,8,No,3,3,91.93,Placed
S025,7.42,75.45,88.53,61,10,6,No,1,4,72.58,Not Placed
S026,8.8,75.06,73.75,89,5,5,Yes,1,4,60.89,Placed
S027,6.34,86.93,71.59,67,10,10,No,2,1,66.0,Not Placed
S028,7.66,81.0,65.94,38,5,10,Yes,0,0,68.72,Not Placed
S029,7.99,83.08,57.26,56,10,7,No,3,3,97.34,Placed
S030,5.7,86.83,89.59,36,4,10,Yes,1,4,82.35,Not Placed
S031,8.05,90.6,87.52,44,10,10,No,2,1,96.38,Placed
S032,6.22,68.52,94.99,39,8,4,No,1,4,82.43,Not Placed
S033,5.77,70.02,94.87,93,6,7,Yes,3,3,78.69,Placed
S034,9.49,58.76,77.22,44,8,8,No,3,3,72.24,Placed
S035,9.56,78.13,85.76,67,6,9,No,4,2,83.65,Placed
S036,8.9,56.44,92.79,88,7,4,Yes,0,5,65.43,Placed
S037,6.78,73.62,88.99,72,8,8,No,4,5,95.03,Placed
S038,5.91,76.71,64.89,47,7,5,Yes,2,1,92.34,Not Placed
S039,8.37,66.46,73.02,65,5,4,Yes,1,3,72.38,Not Placed
S040,7.35,78.63,60.17,81,5,8,No,2,2,97.16,Not Placed
S041,6.01,56.22,93.16,70,4,5,No,3,2,92.18,Not Placed
S042,7.58,56.49,79.25,79,10,7,No,4,4,85.99,Placed
S043,5.64,87.9,64.15,58,8,9,No,4,4,64.75,Not Placed
S044,9.32,69.41,81.87,86,7,5,No,4,2,78.65,Placed
S045,6.59,60.08,79.73,90,6,10,No,2,4,79.74,Placed
S046,8.28,75.89,69.33,49,5,6,No,3,3,69.07,Not Placed
S047,6.81,85.8,59.54,63,10,5,Yes,1,0,63.12,Not Placed
S048,7.68,63.63,81.86,42,5,5,No,1,3,90.29,Not Placed
S049,7.8,79.92,75.81,39,6,9,Yes,2,2,64.76,Not Placed
S050,6.28,58.41,85.89,63,10,6,No,4,2,83.18,Not Placed
S051,9.57,57.07,75.81,81,10,10,No,0,3,96.52,Placed
S052,8.76,76.25,89.09,38,7,8,Yes,2,4,94.17,Placed
S053,9.45,76.63,77.08,46,7,8,No,2,4,70.83,Placed
S054,9.26,80.5,77.44,79,8,5,No,3,5,93.21,Placed
S055,8.01,84.04,90.07,36,8,6,Yes,1,2,60.01,Not Placed
S056,9.37,94.03,71.14,61,9,6,No,2,1,60.69,Placed
S057,5.87,75.65,60.36,65,9,10,No,2,5,83.5,Not Placed
S058,6.32,67.92,56.15,85,4,9,No,4,4,74.23,Not Placed
S059,5.69,86.81,85.21,85,5,7,Yes,4,3,75.07,Placed
S060,6.87,65.83,79.81,70,8,8,No,0,4,82.01,Not Placed
S061,7.13,72.56,83.16,70,7,9,No,3,3,67.48,Placed
S062,6.64,58.14,63.52,60,6,4,No,0,5,68.26,Not Placed
S063,8.98,56.01,60.45,77,7,8,No,4,2,78.9,Placed
S064,7.0,93.51,55.58,61,5,9,Yes,1,4,89.42,Not Placed
S065,6.68,88.44,69.02,39,9,8,Yes,4,3,84.16,Placed
S066,7.78,82.84,78.6,54,7,7,No,3,2,71.6,Not Placed
S067,6.09,71.36,70.69,45,4,4,No,4,1,76.78,Not Placed
S068,8.87,61.93,72.5,44,5,7,Yes,3,3,66.66,Placed
S069,5.81,61.26,91.17,74,9,10,Yes,3,5,62.91,Placed
S070,9.64,65.01,68.93,72,6,4,No,3,1,90.53,Placed
S071,8.74,76.97,75.56,40,9,5,Yes,3,1,70.35,Placed
S072,6.33,83.58,86.35,42,10,9,No,3,0,66.93,Not Placed
S073,5.52,81.41,70.86,57,4,4,Yes,1,4,86.97,Not Placed
S074,8.92,66.2,79.88,81,5,10,Yes,0,3,84.1,Placed
S075,8.47,93.19,89.49,60,6,10,Yes,2,1,84.69,Placed
S076,8.56,84.52,92.98,80,4,7,Yes,0,0,68.93,Placed
S077,8.74,77.17,60.88,77,9,8,No,3,5,69.07,Placed
S078,5.81,79.47,92.06,46,4,4,Yes,1,2,68.61,Not Placed
S079,7.01,71.78,74.68,60,5,9,Yes,4,3,66.78,Placed
S080,5.99,64.91,65.33,47,8,4,No,1,1,85.57,Not Placed
S081,9.13,69.24,73.37,74,4,6,Yes,3,4,93.07,Placed
S082,8.12,85.31,94.2,52,10,8,Yes,1,0,88.25,Placed
S083,6.89,55.58,74.7,59,4,9,No,1,1,90.89,Not Placed
S084,5.77,59.64,68.15,67,9,9,Yes,3,4,75.79,Placed
S085,6.81,56.84,80.34,81,9,5,No,1,1,85.51,Not Placed
S086,6.87,56.63,64.61,74,6,7,No,2,3,73.82,Not Placed
S087,8.56,89.22,58.03,94,9,5,No,2,3,80.49,Placed
S088,8.18,83.15,60.16,77,7,9,No,1,3,78.78,Placed
S089,9.23,73.97,60.12,46,5,8,Yes,4,5,66.9,Placed
S090,7.48,58.91,61.08,78,5,4,No,3,5,75.1,Not Placed
S091,6.0,74.66,60.55,70,8,4,Yes,2,0,97.59,Not Placed
S092,8.5,73.94,80.63,82,8,8,Yes,4,3,69.69,Placed
S093,8.7,61.93,62.28,38,5,9,Yes,1,4,65.22,Not Placed
S094,7.86,72.35,68.83,39,10,10,Yes,4,1,76.32,Placed
S095,8.74,70.94,90.87,90,8,4,Yes,0,2,90.82,Placed
S096,7.57,79.63,73.96,71,6,10,Yes,2,4,82.7,Placed
S097,7.7,80.4,81.7,42,9,4,Yes,1,5,86.56,Not Placed
S098,7.3,56.81,61.89,76,5,4,Yes,3,5,67.4,Not Placed
S099,5.61,69.98,62.69,83,8,7,Yes,1,4,84.14,Not Placed
S100,5.95,80.03,56.63,62,5,7,Yes,3,5,72.62,Not Placed
S101,5.63,75.13,61.76,65,7,6,No,1,3,92.54,Not Placed
S102,8.17,89.26,66.14,92,4,5,No,4,0,84.54,Placed
S103,6.82,81.35,62.08,43,9,8,No,4,1,67.76,Not Placed
S104,7.64,61.52,58.55,88,5,8,Yes,4,0,62.52,Placed
S105,9.31,57.82,59.83,85,4,8,No,0,1,61.66,Not Placed
S106,6.55,80.7,73.43,63,8,6,No,3,1,74.48,Not Placed
S107,7.22,56.06,63.25,48,4,7,No,4,0,70.37,Not Placed
S108,8.67,78.43,69.57,74,9,9,Yes,0,4,85.2,Placed
S109,6.46,92.61,75.14,75,5,10,Yes,3,1,79.47,Placed
S110,5.82,78.02,82.62,56,7,10,Yes,1,0,70.37,Not Placed
S111,6.72,70.53,56.57,45,10,9,Yes,0,1,65.82,Not Placed
S112,6.18,80.73,86.98,57,8,6,No,2,2,64.96,Not Placed
S113,9.4,73.33,80.12,35,5,9,No,0,4,93.72,Not Placed
S114,8.89,76.82,58.27,80,9,8,No,0,3,69.5,Placed
S115,8.16,92.66,89.94,71,8,5,No,3,1,85.42,Placed
S116,9.16,70.44,91.83,55,6,4,Yes,1,2,91.62,Placed
S117,8.88,93.45,57.44,60,4,10,Yes,2,3,83.95,Placed
S118,6.28,91.21,66.08,80,10,7,Yes,4,3,93.52,Placed
S119,9.25,62.83,87.25,70,9,7,No,4,1,75.3,Placed
S120,7.77,57.77,84.93,88,6,6,Yes,0,0,97.29,Placed
S121,8.89,59.03,62.38,57,5,7,Yes,3,1,65.19,Placed
S122,9.26,55.73,63.37,91,7,8,No,3,2,63.98,Placed
S123,6.84,58.78,69.82,35,8,10,No,4,3,85.69,Not Placed
S124,5.96,82.32,74.38,88,4,9,Yes,2,1,96.77,Not Placed
S125,6.46,57.85,79.73,89,8,8,Yes,1,0,91.55,Placed
S126,7.29,67.76,69.76,85,10,6,Yes,2,1,62.98,Placed
S127,8.94,88.8,73.5,74,5,8,Yes,1,4,70.9,Placed
S128,9.12,55.93,84.9,49,8,9,Yes,4,0,96.28,Placed
S129,5.53,87.58,56.47,55,4,5,Yes,1,2,69.87,Not Placed
S130,7.65,66.27,65.1,81,5,6,No,3,3,90.47,Not Placed
S131,7.25,59.73,83.53,43,8,5,No,0,1,92.18,Not Placed
S132,6.43,82.87,90.81,87,7,4,No,0,0,79.32,Not Placed
S133,6.0,80.16,75.47,43,9,5,Yes,4,4,75.07,Not Placed
S134,6.92,90.1,76.28,44,5,4,No,3,0,77.55,Not Placed
S135,9.46,84.4,59.29,86,9,4,Yes,2,5,68.85,Placed
S136,6.86,87.14,72.9,91,5,5,Yes,3,4,94.69,Placed
S137,7.68,66.28,76.3,87,7,6,No,0,2,77.57,Not Placed
S138,8.45,62.1,64.7,60,9,9,Yes,0,3,94.42,Placed
S139,7.03,85.02,65.77,75,6,8,Yes,3,2,64.12,Placed
S140,9.58,87.27,70.09,69,4,8,No,3,1,98.54,Placed
S141,9.54,94.62,55.8,86,6,9,No,0,0,77.29,Placed
S142,6.56,71.5,67.88,59,8,10,No,2,5,61.87,Not Placed
S143,7.59,69.88,63.46,60,7,10,Yes,4,4,61.48,Placed
S144,6.76,86.06,68.1,45,6,4,No,4,4,89.1,Not Placed
S145,6.7,68.63,59.79,72,5,4,No,3,0,85.7,Not Placed
S146,5.65,92.23,90.62,36,8,6,Yes,4,5,91.28,Not Placed
S147,8.06,89.34,78.74,41,8,7,No,0,0,64.11,Not Placed
S148,7.61,72.16,82.16,52,6,5,No,0,1,61.39,Not Placed
S149,5.72,85.03,86.57,61,6,4,No,3,2,79.83,Not Placed
S150,6.67,85.18,74.94,68,7,8,Yes,3,4,75.12,Placed
S151,9.31,59.12,58.48,61,4,6,Yes,3,1,78.02,Placed
S152,6.51,91.1,76.48,51,6,5,Yes,2,2,98.67,Not Placed
S153,6.11,75.21,78.47,77,10,6,Yes,4,1,97.86,Placed
S154,7.56,88.06,84.82,93,6,5,No,3,5,96.75,Placed
S155,9.64,67.8,72.27,78,9,5,Yes,1,4,90.57,Placed
S156,6.52,90.82,60.1,93,5,9,Yes,1,0,73.84,Placed
S157,8.32,70.57,66.35,85,10,4,No,0,0,76.07,Not Placed
S158,8.7,55.43,69.52,88,10,6,No,4,2,81.44,Placed
S159,6.5,91.22,80.84,58,9,6,No,3,3,92.39,Not Placed
S160,8.56,58.65,77.83,59,9,9,Yes,1,5,62.68,Placed
S161,7.04,67.77,69.24,41,8,8,Yes,4,2,76.55,Not Placed
S162,8.16,93.0,94.46,86,4,8,Yes,0,3,63.22,Placed
S163,8.16,93.02,79.23,40,5,10,No,2,1,80.07,Not Placed
S164,7.75,77.94,64.49,87,7,4,No,4,5,95.06,Placed
S165,5.88,80.27,59.07,58,10,4,Yes,4,1,90.52,Not Placed
S166,9.01,72.94,61.11,67,7,7,No,2,4,68.89,Placed
S167,6.85,66.73,64.84,83,6,9,No,4,5,98.06,Placed
S168,6.28,68.15,61.43,63,6,8,No,0,3,86.03,Not Placed
S169,5.67,81.9,62.46,77,7,5,Yes,0,4,60.41,Not Placed
S170,7.98,85.09,66.4,56,6,6,No,2,0,69.96,Not Placed
S171,8.35,86.66,61.93,60,4,4,No,3,3,70.17,Not Placed
S172,5.57,86.58,90.87,62,9,6,Yes,1,2,62.7,Not Placed
S173,7.65,58.65,58.21,84,6,6,Yes,3,0,97.43,Placed
S174,6.45,74.78,75.98,55,8,7,No,4,0,78.65,Not Placed
S175,8.21,57.3,71.42,83,6,8,No,1,2,94.94,Placed
S176,6.23,76.98,94.3,41,5,4,Yes,2,5,72.57,Not Placed
S177,8.4,72.66,59.48,51,4,6,Yes,2,0,64.88,Not Placed
S178,7.12,90.51,70.91,54,5,4,No,1,3,78.5,Not Placed
S179,9.43,69.04,93.78,75,5,5,No,0,4,64.44,Placed
S180,6.08,59.68,89.62,83,8,7,No,1,0,78.95,Not Placed
S181,6.93,60.72,87.68,54,4,5,No,4,3,95.89,Not Placed
S182,5.98,85.46,65.32,88,4,4,Yes,0,1,80.31,Not Placed
S183,9.38,79.73,61.84,56,4,10,No,2,3,84.04,Placed
S184,9.18,59.04,81.75,62,4,4,No,1,4,66.11,Not Placed
S185,6.58,58.36,92.18,95,4,8,Yes,3,3,61.71,Placed
S186,8.27,83.04,77.27,74,8,6,No,3,2,64.32,Placed
S187,8.93,57.91,77.86,83,6,6,Yes,4,4,83.34,Placed
S188,7.83,87.87,66.2,41,5,5,No,3,5,63.71,Not Placed
S189,7.72,83.25,85.78,35,4,7,No,1,1,74.66,Not Placed
S190,6.52,58.25,62.48,66,10,10,Yes,1,2,81.45,Placed
S191,5.89,58.39,67.95,47,6,9,Yes,3,5,75.16,Not Placed
S192,9.27,94.47,72.02,64,6,6,No,1,3,66.38,Placed
S193,9.28,69.97,75.3,57,5,8,No,4,4,70.68,Placed
S194,8.16,69.83,64.7,85,8,5,No,0,1,96.2,Not Placed
S195,6.92,87.51,59.59,93,7,5,Yes,4,2,86.36,Placed
S196,6.97,92.89,79.42,90,7,9,No,4,5,79.35,Placed
S197,8.55,94.44,66.55,53,6,8,Yes,1,5,60.5,Placed
S198,9.27,85.14,78.25,66,9,7,Yes,0,1,98.7,Placed
S199,9.23,70.05,61.17,64,9,8,No,1,3,86.19,Placed
S200,8.78,58.34,74.25,63,5,7,Yes,2,1,72.36,Placed
S201,8.2,86.09,76.3,83,7,8,No,1,5,94.29,Placed
S202,5.85,77.34,57.07,79,6,8,No,1,0,70.08,Not Placed
S203,6.18,71.97,68.46,63,8,4,No,1,2,81.22,Not Placed
S204,9.27,91.25,60.38,64,7,5,No,0,1,84.81,Not Placed
S205,8.05,59.45,57.53,50,6,8,No,1,5,68.62,Not Placed
S206,5.54,74.71,94.6,74,6,9,Yes,0,3,98.16,Not Placed
S207,5.93,55.45,67.89,53,4,8,Yes,3,5,89.18,Not Placed
S208,8.29,73.75,87.39,52,8,6,No,2,3,81.75,Placed
S209,5.52,57.25,65.19,35,4,5,No,0,1,67.04,Not Placed
S210,6.18,59.75,82.26,48,5,6,Yes,3,3,62.1,Not Placed
S211,7.8,59.7,85.41,85,4,5,Yes,0,4,72.48,Not Placed
S212,8.41,80.97,78.83,81,10,6,Yes,0,4,89.37,Placed
S213,8.24,84.84,73.86,84,4,8,Yes,2,4,70.5,Placed
S214,6.44,78.33,71.47,36,10,8,No,4,0,81.04,Not Placed
S215,8.49,93.49,68.95,88,7,4,No,4,1,88.39,Placed
S216,6.5,69.99,92.18,62,9,9,Yes,0,5,64.21,Placed
S217,6.87,66.43,88.22,83,6,6,No,1,5,86.73,Not Placed
S218,8.64,89.74,93.6,84,10,7,Yes,3,0,63.58,Placed
S219,8.23,63.94,59.97,64,8,4,No,1,3,97.64,Not Placed
S220,9.07,93.53,84.23,72,4,6,Yes,1,0,79.05,Placed
S221,8.26,55.49,92.53,85,10,6,No,0,3,65.88,Placed
S222,7.89,93.8,62.25,38,8,4,Yes,0,3,73.35,Not Placed
S223,5.89,56.73,57.66,35,9,8,Yes,0,2,76.12,Not Placed
S224,7.04,90.65,84.64,42,9,6,No,0,5,89.57,Not Placed
S225,6.61,76.11,77.98,63,4,8,Yes,4,4,88.99,Placed
S226,6.52,94.72,88.67,89,5,4,No,0,3,83.87,Not Placed
S227,9.59,57.95,60.59,73,4,8,No,4,2,64.13,Placed
S228,7.15,77.15,86.81,37,7,5,Yes,4,5,65.91,Not Placed
S229,9.25,93.77,63.07,66,10,7,No,0,4,63.66,Placed
S230,8.15,75.92,61.55,44,6,10,No,2,3,82.51,Not Placed
S231,8.84,80.18,61.57,44,5,6,No,3,3,94.21,Not Placed
S232,7.61,82.83,87.58,53,4,9,No,1,0,76.92,Not Placed
S233,7.92,73.18,81.61,80,8,7,No,4,0,66.27,Placed
S234,7.57,80.1,75.92,68,5,10,Yes,3,5,81.76,Placed
S235,6.32,78.37,69.35,94,10,8,No,2,4,91.66,Placed
S236,8.53,91.05,90.09,67,5,6,No,1,3,88.93,Placed
S237,6.68,56.82,70.7,57,10,8,No,1,5,94.38,Not Placed
S238,5.6,66.24,87.66,89,4,5,No,4,5,70.84,Not Placed
S239,8.21,93.02,72.57,62,10,4,No,0,1,67.56,Not Placed
S240,6.24,90.61,70.08,66,5,6,Yes,2,0,94.31,Not Placed
S241,9.45,73.23,73.51,84,8,10,No,4,4,85.64,Placed
S242,9.51,79.81,67.06,41,9,10,Yes,2,3,72.13,Placed
S243,9.34,66.1,84.9,63,5,5,Yes,0,5,88.95,Placed
S244,7.05,62.52,75.11,42,10,5,Yes,0,3,91.79,Not Placed
S245,5.56,73.55,64.29,35,9,6,Yes,4,1,83.98,Not Placed
S246,9.4,69.13,90.98,91,10,8,No,0,4,86.83,Placed
S247,7.3,78.35,70.36,89,8,9,Yes,3,5,74.64,Placed
S248,9.56,58.11,76.74,37,10,10,Yes,1,3,81.01,Placed
S249,9.55,93.98,91.26,58,4,10,No,4,0,80.44,Placed
S250,9.08,94.45,79.97,57,6,5,No,2,1,93.07,Placed
